Amphitheater,-59
Amphitheater,-59
Amphitheater,-59
Amphitheater,-59
Amphitheater,-63
Amphitheater,-63
Amphitheater,-63
Amphitheater,-63
Amphitheater,-63
Amphitheater,-63
Amphitheater,-63
Amphitheater,-63
Amphitheater,-63
Amphitheater,-63
Amphitheater,-60
Amphitheater,-60
Amphitheater,-60
Amphitheater,-60
Amphitheater,-60
Amphitheater,-59
Amphitheater,-59
Amphitheater,-59
Amphitheater,-59
Amphitheater,-59
Amphitheater,-61
Amphitheater,-61
Amphitheater,-61
Amphitheater,-61
Amphitheater,-61
Amphitheater,-48
Amphitheater,-48
Amphitheater,-48
Amphitheater,-48
Amphitheater,-48
Amphitheater,-48
Amphitheater,-47
Amphitheater,-47
Amphitheater,-47
Amphitheater,-47
Amphitheater,-47
Amphitheater,-47
Amphitheater,-47
Amphitheater,-47
Amphitheater,-64
Amphitheater,-64
Amphitheater,-68
Amphitheater,-68
Amphitheater,-68
Amphitheater,-68
Amphitheater,-68
Amphitheater,-68
Amphitheater,-68
Amphitheater,-68
Amphitheater,-55
Amphitheater,-55
Amphitheater,-52
Amphitheater,-52
Amphitheater,-51
Amphitheater,-51
Amphitheater,-51
Amphitheater,-51
Amphitheater,-51
Amphitheater,-54
Amphitheater,-57
Amphitheater,-57
Amphitheater,-57
Amphitheater,-57
Amphitheater,-57
Amphitheater,-57
Amphitheater,-57
Amphitheater,-57
Amphitheater,-57
Amphitheater,-57
Amphitheater,-57
Amphitheater,-57
Amphitheater,-40
Amphitheater,-40
Amphitheater,-40
Amphitheater,-40
Amphitheater,-40
Amphitheater,-40
Amphitheater,-40
Amphitheater,-40
Amphitheater,-40
Amphitheater,-40
Amphitheater,-40
Amphitheater,-40
Amphitheater,-40
Amphitheater,-40
Amphitheater,-40
Amphitheater,-40
Amphitheater,-40
Amphitheater,-40
Amphitheater,-40
Amphitheater,-40
Amphitheater,-40
