Brackett,-47
Brackett,-47
Brackett,-47
Brackett,-47
Brackett,-47
Brackett,-47
Brackett,-47
Brackett,-47
Brackett,-53
Brackett,-53
Brackett,-68
Brackett,-71
Brackett,-77
Brackett,-75
Brackett,-75
Brackett,-59
Brackett,-59
Brackett,-57
Brackett,-57
Brackett,-57
Brackett,-66
Brackett,-71
Brackett,-68
Brackett,-69
Brackett,-49
Brackett,-48
Brackett,-48
Brackett,-55
Brackett,-55
Brackett,-55
Brackett,-55
Brackett,-55
Brackett,-58
Brackett,-58
Brackett,-58
Brackett,-58
Brackett,-59
Brackett,-59
Brackett,-59
Brackett,-59
Brackett,-59
Brackett,-59
Brackett,-59
Brackett,-59
Brackett,-59
Brackett,-65
Brackett,-65
Brackett,-65
Brackett,-65
Brackett,-65
Brackett,-65
Brackett,-65
Brackett,-65
Brackett,-65
Brackett,-59
Brackett,-59
Brackett,-59
Brackett,-59
Brackett,-59
Brackett,-68
Brackett,-68
Brackett,-68
Brackett,-61
Brackett,-61
Brackett,-61
Brackett,-61
Brackett,-61
Brackett,-61
Brackett,-61
Brackett,-68
Brackett,-66
Brackett,-66
