Edwards,-72
Edwards,-72
Edwards,-73
Edwards,-77
Edwards,-78
Edwards,-78
Edwards,-78
Edwards,-84
Edwards,-84
Edwards,-81
Edwards,-80
Edwards,-70
Edwards,-63
Edwards,-66
Edwards,-66
Edwards,-77
Edwards,-74
Edwards,-76
Edwards,-81
Edwards,-80
Edwards,-84
Edwards,-84
Edwards,-78
Edwards,-78
Edwards,-76
Edwards,-76
Edwards,-73
Edwards,-73
Edwards,-73
Edwards,-71
Edwards,-73
Edwards,-83
Edwards,-83
Edwards,-85
Edwards,-84
Edwards,-85
Edwards,-90
Edwards,-90
Edwards,-90
Edwards,-82
Edwards,-76
Edwards,-72
Edwards,-76
Edwards,-71
Edwards,-74
Edwards,-74
Edwards,-66
Edwards,-66
Edwards,-70
Edwards,-73
Edwards,-76
Edwards,-71
Edwards,-79
Edwards,-79
Edwards,-85
Edwards,-85
Edwards,-82
Edwards,-83
Edwards,-83
Edwards,-80
Edwards,-80
Edwards,-80
Edwards,-57
Edwards,-57
Edwards,-57
Edwards,-57
Edwards,-56
Edwards,-56
Edwards,-54
Edwards,-54
Edwards,-54
Edwards,-70
Edwards,-70
Edwards,-70
Edwards,-70
Edwards,-75
Edwards,-72
Edwards,-72
Edwards,-53
Edwards,-53
Edwards,-53
Edwards,-48
Edwards,-48
Edwards,-48
Edwards,-48
Edwards,-48
Edwards,-60
Edwards,-64
Edwards,-64
Edwards,-64
Edwards,-64
Edwards,-64
Edwards,-64
Edwards,-64
Edwards,-64
Edwards,-64
Edwards,-52
Edwards,-55
Edwards,-55
Edwards,-55
Edwards,-67
Edwards,-67
Edwards,-67
Edwards,-67
Edwards,-67
Edwards,-67
Edwards,-67
Edwards,-70
Edwards,-71
Edwards,-72
Edwards,-72
Edwards,-57
Edwards,-55
Edwards,-63
Edwards,-63
Edwards,-64
Edwards,-68
Edwards,-69
Edwards,-75
Edwards,-69
Edwards,-54
Edwards,-54
Edwards,-54
Edwards,-64
Edwards,-64
Edwards,-68
Edwards,-69
Edwards,-67
Edwards,-72
Edwards,-77
Edwards,-84
Edwards,-82
Edwards,-85
Edwards,-88
Edwards,-88
Edwards,-89
Edwards,-89
Edwards,-87
Edwards,-87
Edwards,-87
Edwards,-87
Edwards,-87
Edwards,-83
Edwards,-83
Edwards,-83
Edwards,-83
Edwards,-83
Edwards,-88
Edwards,-88
Edwards,-58
Edwards,-58
Edwards,-58
Edwards,-58
Edwards,-58
Edwards,-41
Edwards,-41
Edwards,-41
Edwards,-41
Edwards,-38
Edwards,-38
Edwards,-36
Edwards,-36
Edwards,-36
