Garden,-74
Garden,-86
Garden,-85
Garden,-86
Garden,-88
Garden,-88
Garden,-88
Garden,-88
Garden,-88
Garden,-88
Garden,-88
Garden,-88
Garden,-64
Garden,-63
Garden,-62
Garden,-62
Garden,-62
Garden,-69
Garden,-71
Garden,-76
Garden,-76
Garden,-63
Garden,-60
Garden,-60
Garden,-60
Garden,-75
Garden,-74
Garden,-74
Garden,-74
Garden,-67
Garden,-67
Garden,-67
Garden,-67
Garden,-67
Garden,-67
Garden,-67
Garden,-67
Garden,-67
Garden,-67
Garden,-67
Garden,-67
Garden,-67
Garden,-67
Garden,-67
Garden,-74
Garden,-74
Garden,-74
Garden,-67
Garden,-65
Garden,-65
Garden,-65
Garden,-65
Garden,-65
Garden,-65
Garden,-62
Garden,-62
Garden,-62
Garden,-62
Garden,-74
Garden,-74
Garden,-71
Garden,-78
Garden,-78
Garden,-63
Garden,-63
Garden,-63
Garden,-63
Garden,-84
Garden,-84
Garden,-84
Garden,-86
Garden,-84
Garden,-88
Garden,-83
Garden,-83
Garden,-83
Garden,-87
Garden,-55
Garden,-55
Garden,-55
Garden,-55
Garden,-55
Garden,-50
Garden,-50
Garden,-50
Garden,-50
Garden,-50
Garden,-50
Garden,-50
Garden,-72
Garden,-72
Garden,-72
Garden,-61
