LeverBeach,-53
LeverBeach,-53
LeverBeach,-53
LeverBeach,-74
LeverBeach,-60
LeverBeach,-60
LeverBeach,-74
LeverBeach,-75
LeverBeach,-75
LeverBeach,-75
LeverBeach,-79
LeverBeach,-79
LeverBeach,-79
LeverBeach,-78
LeverBeach,-78
LeverBeach,-80
LeverBeach,-80
LeverBeach,-77
LeverBeach,-77
LeverBeach,-78
LeverBeach,-79
LeverBeach,-83
LeverBeach,-85
LeverBeach,-78
LeverBeach,-78
LeverBeach,-78
LeverBeach,-78
LeverBeach,-82
LeverBeach,-76
LeverBeach,-76
LeverBeach,-76
LeverBeach,-76
LeverBeach,-78
LeverBeach,-69
LeverBeach,-69
LeverBeach,-69
LeverBeach,-69
LeverBeach,-69
LeverBeach,-69
LeverBeach,-72
LeverBeach,-71
LeverBeach,-71
LeverBeach,-71
LeverBeach,-70
LeverBeach,-59
LeverBeach,-56
LeverBeach,-61
LeverBeach,-61
LeverBeach,-65
LeverBeach,-69
LeverBeach,-69
LeverBeach,-82
LeverBeach,-81
LeverBeach,-82
LeverBeach,-78
LeverBeach,-81
LeverBeach,-81
LeverBeach,-81
LeverBeach,-81
LeverBeach,-81
LeverBeach,-81
LeverBeach,-81
LeverBeach,-81
LeverBeach,-81
LeverBeach,-87
LeverBeach,-84
LeverBeach,-84
LeverBeach,-84
LeverBeach,-85
LeverBeach,-82
LeverBeach,-82
LeverBeach,-82
LeverBeach,-88
LeverBeach,-88
LeverBeach,-88
LeverBeach,-86
LeverBeach,-88
LeverBeach,-83
LeverBeach,-83
LeverBeach,-84
LeverBeach,-84
LeverBeach,-84
LeverBeach,-84
LeverBeach,-84
LeverBeach,-84
LeverBeach,-84
LeverBeach,-89
LeverBeach,-88
LeverBeach,-88
LeverBeach,-88
LeverBeach,-78
LeverBeach,-78
LeverBeach,-78
LeverBeach,-81
LeverBeach,-73
LeverBeach,-73
LeverBeach,-80
LeverBeach,-79
