Library,-72
Library,-72
Library,-72
Library,-72
Library,-72
Library,-80
Library,-80
Library,-80
Library,-80
Library,-80
Library,-65
Library,-65
Library,-65
Library,-57
Library,-57
Library,-57
Library,-57
Library,-57
Library,-53
Library,-53
Library,-49
Library,-49
Library,-53
Library,-53
Library,-53
Library,-53
Library,-53
Library,-43
Library,-43
Library,-43
Library,-58
Library,-60
Library,-60
Library,-61
Library,-61
Library,-61
Library,-61
Library,-61
Library,-63
Library,-63
Library,-59
Library,-59
Library,-69
Library,-64
Library,-63
Library,-74
Library,-40
Library,-40
Library,-40
Library,-40
Library,-48
Library,-56
Library,-52
Library,-52
Library,-57
Library,-57
Library,-57
Library,-57
Library,-57
Library,-57
Library,-54
Library,-54
Library,-54
Library,-54
Library,-54
Library,-54
Library,-54
Library,-54
Library,-54
Library,-54
Library,-54
Library,-58
Library,-58
Library,-58
Library,-56
Library,-56
Library,-56
Library,-56
Library,-56
Library,-56
Library,-56
Library,-69
Library,-69
Library,-68
Library,-68
Library,-65
Library,-52
Library,-52
Library,-55
Library,-55
Library,-55
Library,-51
Library,-51
Library,-51
Library,-51
Library,-63
Library,-59
Library,-56
Library,-57
Library,-53
Library,-53
Library,-53
Library,-53
Library,-70
Library,-70
Library,-70
Library,-70
Library,-70
Library,-65
Library,-75
Library,-75
Library,-75
Library,-71
Library,-70
Library,-63
Library,-68
Library,-78
Library,-72
Library,-72
Library,-79
Library,-79
Library,-79
Library,-86
Library,-79
Library,-80
Library,-64
Library,-64
Library,-64
Library,-63
Library,-58
Library,-58
Library,-58
Library,-58
Library,-55
Library,-55
Library,-55
Library,-55
Library,-55
Library,-53
Library,-51
Library,-51
Library,-51
Library,-49
Library,-49
Library,-53
Library,-70
Library,-70
Library,-70
Library,-70
Library,-59
Library,-59
Library,-59
Library,-67
Library,-67
Library,-64
Library,-64
Library,-67
Library,-67
Library,-66
Library,-66
Library,-66
Library,-70
Library,-74
Library,-76
Library,-54
Library,-54
Library,-47
Library,-47
Library,-43
Library,-43
Library,-43
Library,-43
Library,-43
Library,-43
Library,-60
Library,-66
Library,-66
Library,-66
Library,-66
Library,-66
Library,-66
Library,-66
Library,-66
Library,-66
Library,-66
Library,-66
Library,-66
Library,-66
Library,-71
Library,-70
Library,-69
Library,-77
Library,-73
Library,-71
Library,-66
Library,-64
Library,-67
Library,-67
Library,-72
Library,-73
Library,-78
Library,-80
Library,-84
Library,-76
Library,-66
Library,-65
Library,-72
Library,-74
Library,-73
Library,-74
Library,-77
Library,-77
Library,-79
Library,-79
Library,-79
Library,-79
Library,-74
Library,-82
Library,-82
Library,-73
Library,-82
Library,-76
Library,-82
Library,-84
Library,-85
Library,-85
Library,-85
Library,-55
Library,-55
Library,-55
Library,-55
Library,-55
Library,-55
Library,-63
Library,-63
Library,-64
Library,-72
Library,-68
Library,-69
Library,-58
Library,-58
Library,-58
Library,-61
Library,-61
Library,-68
Library,-70
Library,-70
Library,-82
Library,-86
Library,-86
Library,-86
Library,-59
Library,-48
Library,-48
Library,-48
Library,-74
Library,-76
Library,-76
Library,-75
Library,-62
Library,-62
Library,-54
Library,-54
Library,-76
Library,-77
Library,-78
Library,-64
Library,-64
Library,-68
Library,-78
Library,-75
Library,-74
Library,-79
Library,-80
Library,-53
Library,-53
Library,-53
Library,-53
Library,-43
Library,-43
Library,-43
Library,-43
Library,-43
Library,-61
Library,-61
Library,-61
Library,-61
Library,-59
Library,-59
Library,-59
Library,-59
Library,-59
Library,-59
Library,-77
Library,-73
Library,-73
Library,-77
Library,-75
Library,-82
Library,-82
Library,-85
Library,-85
Library,-84
Library,-86
Library,-86
Library,-86
Library,-86
Library,-86
Library,-86
Library,-86
Library,-80
Library,-80
Library,-80
Library,-85
Library,-59
Library,-59
Library,-59
Library,-59
Library,-67
Library,-65
Library,-70
Library,-67
Library,-67
Library,-67
Library,-67
Library,-69
Library,-69
Library,-69
Library,-71
Library,-71
Library,-70
Library,-76
Library,-77
Library,-77
Library,-77
Library,-69
Library,-71
Library,-71
Library,-79
Library,-80
Library,-80
Library,-71
Library,-68
Library,-69
Library,-67
Library,-67
Library,-67
Library,-75
Library,-75
Library,-65
Library,-69
Library,-62
Library,-63
Library,-63
Library,-67
Library,-65
Library,-69
Library,-74
Library,-72
