LibraryBridge,-65
LibraryBridge,-65
LibraryBridge,-65
LibraryBridge,-65
LibraryBridge,-65
LibraryBridge,-71
LibraryBridge,-66
LibraryBridge,-68
LibraryBridge,-68
LibraryBridge,-68
LibraryBridge,-68
LibraryBridge,-73
LibraryBridge,-73
LibraryBridge,-69
LibraryBridge,-69
LibraryBridge,-69
LibraryBridge,-69
LibraryBridge,-69
LibraryBridge,-67
LibraryBridge,-61
LibraryBridge,-64
LibraryBridge,-64
LibraryBridge,-64
LibraryBridge,-64
LibraryBridge,-64
LibraryBridge,-64
LibraryBridge,-64
LibraryBridge,-64
LibraryBridge,-64
LibraryBridge,-64
LibraryBridge,-64
LibraryBridge,-62
LibraryBridge,-62
LibraryBridge,-62
LibraryBridge,-62
LibraryBridge,-62
LibraryBridge,-62
LibraryBridge,-62
LibraryBridge,-62
LibraryBridge,-62
LibraryBridge,-67
LibraryBridge,-67
LibraryBridge,-67
LibraryBridge,-67
LibraryBridge,-67
LibraryBridge,-67
LibraryBridge,-67
LibraryBridge,-67
LibraryBridge,-67
LibraryBridge,-74
LibraryBridge,-70
LibraryBridge,-70
LibraryBridge,-70
LibraryBridge,-58
LibraryBridge,-59
LibraryBridge,-54
LibraryBridge,-54
LibraryBridge,-54
LibraryBridge,-54
LibraryBridge,-65
LibraryBridge,-65
LibraryBridge,-65
LibraryBridge,-65
LibraryBridge,-68
LibraryBridge,-68
LibraryBridge,-70
LibraryBridge,-71
LibraryBridge,-71
LibraryBridge,-53
LibraryBridge,-53
LibraryBridge,-53
LibraryBridge,-53
LibraryBridge,-53
LibraryBridge,-55
LibraryBridge,-55
LibraryBridge,-55
LibraryBridge,-55
LibraryBridge,-55
LibraryBridge,-55
LibraryBridge,-67
LibraryBridge,-70
LibraryBridge,-71
LibraryBridge,-71
LibraryBridge,-83
LibraryBridge,-78
LibraryBridge,-74
LibraryBridge,-77
LibraryBridge,-77
LibraryBridge,-84
LibraryBridge,-83
LibraryBridge,-80
LibraryBridge,-80
LibraryBridge,-70
LibraryBridge,-69
LibraryBridge,-72
LibraryBridge,-72
LibraryBridge,-80
LibraryBridge,-80
LibraryBridge,-84
LibraryBridge,-84
LibraryBridge,-82
LibraryBridge,-69
LibraryBridge,-69
LibraryBridge,-71
LibraryBridge,-71
LibraryBridge,-71
LibraryBridge,-71
LibraryBridge,-71
LibraryBridge,-80
LibraryBridge,-80
LibraryBridge,-80
LibraryBridge,-80
LibraryBridge,-80
LibraryBridge,-80
LibraryBridge,-83
