McAdams,-73
McAdams,-73
McAdams,-81
McAdams,-82
McAdams,-46
McAdams,-46
McAdams,-46
McAdams,-46
McAdams,-46
McAdams,-49
McAdams,-63
McAdams,-63
McAdams,-71
McAdams,-77
McAdams,-72
McAdams,-72
McAdams,-78
McAdams,-42
McAdams,-42
McAdams,-42
McAdams,-41
McAdams,-41
McAdams,-41
McAdams,-41
McAdams,-41
McAdams,-37
McAdams,-37
McAdams,-37
McAdams,-37
McAdams,-37
McAdams,-41
McAdams,-41
McAdams,-41
McAdams,-41
McAdams,-41
McAdams,-41
McAdams,-41
McAdams,-41
McAdams,-41
McAdams,-41
McAdams,-51
McAdams,-51
McAdams,-51
McAdams,-51
McAdams,-51
McAdams,-51
McAdams,-51
McAdams,-51
McAdams,-51
McAdams,-51
McAdams,-40
McAdams,-40
McAdams,-40
McAdams,-40
McAdams,-40
McAdams,-40
McAdams,-40
McAdams,-40
McAdams,-40
McAdams,-40
McAdams,-40
McAdams,-40
McAdams,-40
McAdams,-40
McAdams,-40
McAdams,-40
McAdams,-74
McAdams,-74
McAdams,-74
McAdams,-49
McAdams,-49
McAdams,-49
McAdams,-49
McAdams,-49
McAdams,-49
McAdams,-58
McAdams,-58
McAdams,-56
McAdams,-56
McAdams,-56
McAdams,-56
McAdams,-56
