UnionCourtyardDS,-70
UnionCourtyardDS,-72
UnionCourtyardDS,-76
UnionCourtyardDS,-77
UnionCourtyardDS,-84
UnionCourtyardDS,-89
UnionCourtyardDS,-87
UnionCourtyardDS,-73
UnionCourtyardDS,-72
UnionCourtyardDS,-71
UnionCourtyardDS,-71
UnionCourtyardDS,-65
UnionCourtyardDS,-69
UnionCourtyardDS,-69
UnionCourtyardDS,-69
UnionCourtyardDS,-68
UnionCourtyardDS,-68
UnionCourtyardDS,-65
UnionCourtyardDS,-65
UnionCourtyardDS,-64
UnionCourtyardDS,-61
UnionCourtyardDS,-61
UnionCourtyardDS,-61
UnionCourtyardDS,-57
UnionCourtyardDS,-57
UnionCourtyardDS,-57
UnionCourtyardDS,-57
UnionCourtyardDS,-57
UnionCourtyardDS,-57
UnionCourtyardDS,-57
UnionCourtyardDS,-57
UnionCourtyardDS,-58
UnionCourtyardDS,-60
UnionCourtyardDS,-60
UnionCourtyardDS,-60
UnionCourtyardDS,-78
UnionCourtyardDS,-78
UnionCourtyardDS,-78
UnionCourtyardDS,-78
UnionCourtyardDS,-83
UnionCourtyardDS,-79
UnionCourtyardDS,-79
UnionCourtyardDS,-83
UnionCourtyardDS,-83
UnionCourtyardDS,-82
UnionCourtyardDS,-83
UnionCourtyardDS,-81
UnionCourtyardDS,-81
UnionCourtyardDS,-82
UnionCourtyardDS,-82
UnionCourtyardDS,-82
UnionCourtyardDS,-82
UnionCourtyardDS,-84
UnionCourtyardDS,-84
UnionCourtyardDS,-87
UnionCourtyardDS,-87
