UnionCourtyardUS,-81
UnionCourtyardUS,-81
UnionCourtyardUS,-73
UnionCourtyardUS,-73
UnionCourtyardUS,-79
UnionCourtyardUS,-81
UnionCourtyardUS,-81
UnionCourtyardUS,-81
UnionCourtyardUS,-76
UnionCourtyardUS,-76
UnionCourtyardUS,-81
UnionCourtyardUS,-81
UnionCourtyardUS,-84
UnionCourtyardUS,-84
UnionCourtyardUS,-72
UnionCourtyardUS,-72
UnionCourtyardUS,-73
UnionCourtyardUS,-72
UnionCourtyardUS,-72
UnionCourtyardUS,-66
UnionCourtyardUS,-66
UnionCourtyardUS,-65
UnionCourtyardUS,-69
UnionCourtyardUS,-69
UnionCourtyardUS,-61
UnionCourtyardUS,-61
UnionCourtyardUS,-69
UnionCourtyardUS,-69
UnionCourtyardUS,-69
UnionCourtyardUS,-69
UnionCourtyardUS,-69
UnionCourtyardUS,-69
UnionCourtyardUS,-70
UnionCourtyardUS,-69
UnionCourtyardUS,-73
UnionCourtyardUS,-75
UnionCourtyardUS,-75
UnionCourtyardUS,-75
UnionCourtyardUS,-75
UnionCourtyardUS,-72
UnionCourtyardUS,-78
UnionCourtyardUS,-82
UnionCourtyardUS,-81
UnionCourtyardUS,-81
UnionCourtyardUS,-81
UnionCourtyardUS,-80
UnionCourtyardUS,-83
UnionCourtyardUS,-82
UnionCourtyardUS,-85
UnionCourtyardUS,-83
UnionCourtyardUS,-83
UnionCourtyardUS,-82
UnionCourtyardUS,-82
UnionCourtyardUS,-83
UnionCourtyardUS,-83
UnionCourtyardUS,-81
UnionCourtyardUS,-81
UnionCourtyardUS,-81
UnionCourtyardUS,-79
UnionCourtyardUS,-79
UnionCourtyardUS,-80
UnionCourtyardUS,-75
UnionCourtyardUS,-75
UnionCourtyardUS,-75
UnionCourtyardUS,-75
UnionCourtyardUS,-74
UnionCourtyardUS,-71
UnionCourtyardUS,-79
UnionCourtyardUS,-80
UnionCourtyardUS,-80
UnionCourtyardUS,-70
UnionCourtyardUS,-77
